Episode,Env_Step,Reward,Avg_Reward,Loss,Epsilon
0,6000,-1148.1636552442687,-1148.1636552442687,0.051070697605609894,0.9979272484779358
1,12000,-243.60461011412735,-695.884132679198,0.004260499321865306,0.9958545565605164
2,18000,-343.5258200068183,-578.4313617884048,0.0043730270928742055,0.9937818050384521
3,24000,-310.67912258514116,-511.4933019875889,0.0059307553106918934,0.9917091131210327
4,30000,-379.1305046665684,-485.0207425233848,0.007592339651988974,0.9896363615989685
5,36000,-309.94914985224386,-455.8421437448613,0.00760866770739085,0.9875636100769043
6,42000,-363.78727531805634,-442.69144825531777,0.008077193909334406,0.9854909181594849
7,48000,-290.8205529514744,-423.7075863423373,0.008728370994639894,0.9834181666374207
8,54000,-311.9424343701112,-411.2892361232011,0.008723223433053743,0.9813454747200012
9,60000,-362.93431370707003,-406.45374388158797,0.01055153147263142,0.979272723197937
10,66000,-270.1420404837181,-318.6515824055329,0.012059667244184917,0.9771999716758728
11,72000,-270.9573175173573,-321.3868531458559,0.012875298859473938,0.9751272797584534
12,78000,-324.6003636089972,-319.4943075060738,0.014213818309809237,0.9730545282363892
13,84000,-302.09286146333216,-318.6356813938929,0.014803825360082555,0.9709818363189697
14,90000,-256.31481363350395,-306.35411229058644,0.015572167405140742,0.9689090847969055
15,96000,-275.10123601899977,-302.869320907262,0.01694614590353255,0.9668363928794861
16,102000,-477.1374391933809,-314.2043372947945,0.01719442251654497,0.9647636413574219
17,108000,-323.31506405882465,-317.4537884055295,0.018794064578192774,0.9626908898353577
18,114000,-304.6855018282222,-316.72809515134065,0.020327428020032432,0.9606181979179382
19,120000,-364.82605108642747,-316.9172688892764,0.02077741613854111,0.958545446395874
20,126000,-217.47600830111332,-311.6506656710159,0.021106718747100482,0.9564727544784546
21,132000,-269.58603182048137,-311.5135371013283,0.022476409455179237,0.9544000029563904
22,138000,-284.0731307105531,-307.4608138114839,0.023870412228124527,0.9523272514343262
23,144000,-333.2424357943419,-310.57577124458487,0.023968111027400787,0.9502545595169067
24,150000,-303.6723487405234,-315.31152475528677,0.027018294468328045,0.9481818079948425
25,156000,-258.55360665746684,-313.6567618191335,0.029626487592312817,0.9461091160774231
26,162000,-443.9427643813806,-310.3372943379335,0.02987939216326534,0.9440363645553589
27,168000,-413.01074191948646,-319.3068621239996,0.03115535867544046,0.9419636130332947
28,174000,-360.00558976352295,-324.83887091752973,0.03532607156595138,0.9398909211158752
29,180000,-291.57568865422945,-317.5138346743099,0.0349751994702577,0.937818169593811
30,186000,-213.833694695124,-317.149603313711,0.033623951146650746,0.9357454776763916
31,192000,-349.65559462457713,-325.15655959412055,0.036105083543031165,0.9336727261543274
32,198000,-320.72901271567025,-328.8221477946323,0.03903161670871001,0.9315999746322632
33,204000,-312.93007892611627,-326.79091210780973,0.04148242919744613,0.9295272827148438
34,210000,-398.17988693745133,-336.24166592750254,0.04161181146913441,0.9274545311927795
35,216000,-329.232512382956,-343.30955650005143,0.0452139498089867,0.9253818392753601
36,222000,-330.77096615128903,-331.9923766770423,0.04689586341179287,0.9233090877532959
37,228000,-324.93861511032446,-323.1851639961261,0.0491916991014344,0.9212363362312317
38,234000,-324.920186690626,-319.6766236888364,0.04651231885969173,0.9191636443138123
39,240000,-308.58938030249556,-321.377992853663,0.049586441607330924,0.917090892791748
40,246000,-328.5538907127393,-332.8500124554245,0.04881740476517007,0.9150182008743286
41,252000,-288.2893937778281,-326.7133923707496,0.05261830383812776,0.9129454493522644
42,258000,-285.31620100735745,-323.17211119991833,0.04904935297917109,0.9108726978302002
43,264000,-292.26634758383443,-321.10573806569016,0.04839810758588525,0.9088000059127808
44,270000,-305.41020880499127,-311.82877025244414,0.048816134639336574,0.9067272543907166
45,276000,-337.15930893809127,-312.6214499079577,0.04875518345091647,0.9046545624732971
46,282000,-306.0081785732764,-310.14517115015644,0.04795841422467492,0.9025818109512329
47,288000,-469.11478791155605,-324.56278843027957,0.05038549426677249,0.9005091190338135
48,294000,-292.5829085504665,-321.32906061626363,0.04950444095901912,0.8984363675117493
49,300000,-327.8415225699464,-323.2542748430087,0.049689773742963246,0.8963636159896851
50,306000,-330.7491630760669,-323.47380207934145,0.04746944990183692,0.8942909240722656
51,312000,-238.00736116379267,-318.44559881793793,0.04746909969610472,0.8922181725502014
52,318000,-394.82243461481994,-329.3962221786842,0.047206078823423016,0.890145480632782
53,324000,-231.79174839699772,-323.3487622600005,0.047520801878301426,0.8880727291107178
54,330000,-278.9651631415345,-320.7042576936548,0.04663851066038478,0.8859999775886536
55,336000,-370.79390382254223,-324.06771718209995,0.046613756494033924,0.8839272856712341
56,342000,-253.28007186904028,-318.79490651167634,0.04773406083099932,0.8818545341491699
57,348000,-280.9448670555321,-299.97791442607394,0.046727242593556484,0.8797818422317505
58,354000,-315.86777960788686,-302.306401531816,0.04374091453182821,0.8777090907096863
59,360000,-257.67270823428225,-295.28952009824957,0.04803509457285206,0.8756363391876221
60,366000,-341.67784647959706,-296.38238843860256,0.04758234621792023,0.8735636472702026
61,372000,-281.04624800366764,-300.68627712259,0.044148968371135806,0.8714908957481384
62,378000,-337.0732093673596,-294.911354597844,0.04540161936961037,0.869418203830719
63,384000,-325.44127675920754,-304.27630743406496,0.04897275139492316,0.8673454523086548
64,390000,-407.11782951580244,-317.0915740714918,0.04597459156176774,0.8652727007865906
65,396000,-208.76794254576214,-300.88897794381376,0.04500498111223957,0.8632000088691711
66,402000,-272.56982236762815,-302.8179529936726,0.045774501268266855,0.8611272573471069
67,408000,-394.6346681741943,-314.1869331055388,0.04283644894776323,0.8590545654296875
68,414000,-279.8547317251803,-310.5856283172681,0.04657625001282819,0.8569818139076233
69,420000,-281.6507512892531,-312.98343262276524,0.04711177460816301,0.8549090623855591
70,426000,-336.69419410060254,-312.4850673848658,0.046320417940441984,0.8528363704681396
71,432000,-238.7357240055353,-308.25401498505255,0.04964909009462766,0.8507636189460754
72,438000,-239.62763632634233,-298.5094576809508,0.047054656673261586,0.848690927028656
73,444000,-289.314020791011,-294.89673208413114,0.04610633243890091,0.8466181755065918
74,450000,-275.2574682571685,-281.71069595826776,0.05050914450965744,0.8445454835891724
75,456000,-243.71808929441977,-285.20571063313355,0.04650378514907789,0.8424727320671082
76,462000,-217.9967302742425,-279.748401423795,0.049684063270649254,0.840399980545044
77,468000,-281.08742304003863,-268.39367691037944,0.04939109390622859,0.8383272886276245
78,474000,-448.3074541255328,-285.23894915041467,0.05151457968152438,0.8362545371055603
79,480000,-248.49051389141414,-281.92292541063074,0.04885818069895807,0.8341818451881409
80,486000,-328.18097531569583,-281.0716035321401,0.049465119074933075,0.8321090936660767
81,492000,-285.13877372650495,-285.71190850423704,0.05018263388593914,0.8300363421440125
82,498000,-206.45171815014328,-282.3943166866171,0.04683864885458024,0.827963650226593
83,504000,-224.9351496645213,-275.9564295739682,0.0513787215539099,0.8258908987045288
84,510000,-283.21805502192365,-276.75248825044366,0.05076855980278924,0.8238182067871094
85,516000,-302.9356027662616,-282.6742395976279,0.05465122270262024,0.8217454552650452
86,522000,-276.86927541696787,-288.5614941119004,0.051578740906882255,0.819672703742981
87,528000,-333.2857404779643,-293.78132585569296,0.051934487721611126,0.8176000118255615
88,534000,-299.24644651899234,-278.8752250950389,0.051602713327272794,0.8155272603034973
89,540000,-208.6910987897063,-274.89528358486814,0.05245365102410627,0.8134545683860779
90,546000,-276.05445287395287,-269.68263134069383,0.04936416193068726,0.8113818168640137
91,552000,-325.1784189460486,-273.68659586264823,0.053244077630961936,0.8093090653419495
92,558000,-350.6138464627802,-288.1028086939119,0.05289026437637707,0.80723637342453
93,564000,-321.66542158201037,-297.7758358856608,0.054738486645704444,0.8051636219024658
94,570000,-320.15381632719345,-301.4694120161878,0.05218868942329815,0.8030909299850464
95,576000,-301.425542582703,-301.3184059978319,0.05317289036331931,0.8010181784629822
96,582000,-332.68791173737554,-306.9002696298727,0.05295219697242525,0.798945426940918
97,588000,-294.1292483984198,-302.98462042191824,0.05436286314198514,0.7968727350234985
98,594000,-217.47713886152496,-294.8076896561715,0.05519371459805795,0.7947999835014343
99,600000,-415.27012884407304,-315.4655926616082,0.05113342909064765,0.7927272915840149
100,606000,-300.31106818750413,-317.89125419296334,0.05716777005778082,0.7906545400619507
101,612000,-266.1566642834514,-311.9890787267036,0.054597924368320186,0.7885817885398865
102,618000,-383.4428142876204,-315.27197550918766,0.05676480296386095,0.786509096622467
103,624000,-359.1212080393416,-319.01755415492073,0.055379327884914044,0.7844363451004028
104,630000,-335.5472833519598,-320.55690085739735,0.05312783980800304,0.7823636531829834
105,636000,-380.63805333016535,-328.4781519321436,0.05229056508326903,0.7802909016609192
106,642000,-258.80757563677525,-321.0901183220836,0.04927177015014846,0.7782182097434998
107,648000,-249.72199792108586,-316.6493932743502,0.05498546044214163,0.7761454582214355
108,654000,-326.6968937102647,-327.57136875922413,0.05216637195540049,0.7740727066993713
109,660000,-291.0284364861218,-315.14719952342904,0.04950638464615137,0.7720000147819519
110,666000,-218.2045342624897,-306.9365461309276,0.0502122683491325,0.7699272632598877
111,672000,-208.58443669201006,-301.1793233717834,0.048460763003386094,0.7678545713424683
112,678000,-299.2642559112355,-292.76146753414497,0.04847632288259532,0.765781819820404
113,684000,-333.19055659121295,-290.1684023893321,0.049088485725709084,0.7637090682983398
114,690000,-322.8944250634231,-288.90311656047845,0.049416770424480394,0.7616363763809204
115,696000,-272.70844953251844,-278.1101561807137,0.04769875322670365,0.7595636248588562
116,702000,-226.8802469855982,-274.917423315596,0.048302263228766,0.7574909329414368
117,708000,-349.76688043055765,-284.9219115665432,0.04868428603947784,0.7554181814193726
118,714000,-328.1464387657179,-285.06686607208854,0.04613614025413214,0.7533454298973083
119,720000,-279.74870320760965,-283.9388927442373,0.04768506916404779,0.7512727379798889
120,726000,-183.50520867775413,-280.46896018576376,0.042276920485892336,0.7491999864578247
121,732000,-397.1367402794822,-299.324190544511,0.04703022918225421,0.7471272945404053
122,738000,-263.40377940990584,-295.73814289437803,0.04333817240456119,0.7450545430183411
123,744000,-291.79134938811103,-291.5982221740678,0.042485692952371513,0.7429817914962769
124,750000,-228.75922900194746,-282.1847025679202,0.04507779731357005,0.7409090995788574
125,756000,-296.5961466912627,-284.5734722837947,0.044281694506411444,0.7388363480567932
126,762000,-200.7832434973243,-281.96377193496727,0.04495264287787722,0.7367636561393738
127,768000,-262.0755744181042,-273.19464133372196,0.04482663154151911,0.7346909046173096
128,774000,-228.13605005199133,-263.1936024623493,0.04464920704090036,0.7326181530952454
129,780000,-307.6510623704344,-265.98383837863173,0.0445294170138853,0.7305454611778259
130,786000,-219.5803334864686,-269.5913508595032,0.044061957173301684,0.7284727096557617
131,792000,-351.5653116978028,-265.0342080013353,0.044986815986048895,0.7264000177383423
132,798000,-277.4303803634393,-266.4368680966886,0.04492501410223,0.7243272662162781
133,804000,-210.76568202181807,-258.3343013600593,0.049617791112473546,0.7222545742988586
134,810000,-224.5791195127531,-257.91629041113987,0.045022294937225524,0.7201818227767944
135,816000,-280.70164832002774,-256.3268405740164,0.043118515422412504,0.7181090712547302
136,822000,-185.37153209982716,-254.78566943426668,0.045441509998907954,0.7160363793373108
137,828000,-216.98994200542802,-250.27710619299904,0.045480272126888543,0.7139636278152466
138,834000,-357.71052220153365,-263.2345534079533,0.04538329328447192,0.7118909358978271
139,840000,-269.40942896216075,-259.4103900671259,0.04567938932041094,0.7098181843757629
140,846000,-387.29831468334305,-276.18218818681333,0.04879978401469998,0.7077454328536987
141,852000,-340.0604951824498,-275.03170653527803,0.048808979536581316,0.7056727409362793
142,858000,-283.37211354196734,-275.62587985313087,0.04915630942486071,0.7035999894142151
143,864000,-223.13111302743982,-276.862422953693,0.05055665297392989,0.7015272974967957
144,870000,-292.04247242144993,-283.6087582445627,0.04679083970732366,0.6994545459747314
145,876000,-329.19938383052795,-288.4585317956127,0.047333430414883575,0.6973817944526672
146,882000,-313.64614975894256,-301.28599356152426,0.049012664066967165,0.6953091025352478
147,888000,-224.3520831892638,-302.02220767990786,0.048191223819429675,0.6932363510131836
148,894000,-273.49481475824723,-293.60063693557925,0.04696215334443453,0.6911636590957642
149,900000,-318.76573688595454,-298.5362677279586,0.047020675572149534,0.6890909075737
150,906000,-222.91919905496434,-282.0983561651207,0.04817117598249267,0.6870181560516357
151,912000,-261.6735446181701,-274.25966110869274,0.04906417254709716,0.6849454641342163
152,918000,-252.94142676314004,-271.21659243081,0.04826529892491332,0.6828727126121521
153,924000,-213.45984060426417,-270.2494651884925,0.04955485574270521,0.6808000206947327
154,930000,-266.33798829538046,-267.67901677588554,0.04965071134026706,0.6787272691726685
155,936000,-165.18898741891553,-251.27797713472427,0.048110004817155036,0.6766545176506042
156,942000,-253.71992525161477,-245.2853546839915,0.05136993339826586,0.6745818257331848
157,948000,-211.32116456797303,-243.98226282186243,0.05112705558934249,0.6725090742111206
158,954000,-289.8912474532626,-245.62190609136397,0.05203808744633959,0.6704363822937012
159,960000,-226.98944133133955,-236.44427653590247,0.05095967054244829,0.668363630771637
160,966000,-228.37586043953706,-236.98994267435972,0.048630015106444865,0.6662909388542175
161,972000,-298.8185813180771,-240.70444634435043,0.052333637728821485,0.6642181873321533
162,978000,-278.1640344840089,-243.22670711643732,0.05333527682527589,0.6621454358100891
163,984000,-277.93040284386893,-249.6737633403978,0.048614527805824766,0.6600727438926697
164,990000,-350.3829353110723,-258.078258041967,0.04921156918111956,0.6579999923706055
165,996000,-315.68200502886793,-273.12755980296225,0.053816590916792244,0.655927300453186
166,1002000,-259.6442508540331,-273.7199923632041,0.05104173034899092,0.6538545489311218
167,1008000,-206.3230785402302,-273.2201837604298,0.050366273176739924,0.6517817974090576
168,1014000,-333.88811688475835,-277.61987070357935,0.04980064153752756,0.6497091054916382
169,1020000,-274.96908712536606,-282.417835282982,0.04857599977609546,0.647636353969574
170,1026000,-183.0794546901525,-277.88819470804356,0.050947085602305986,0.6455636620521545
171,1032000,-262.8496749608237,-274.2913040723182,0.047693974326946775,0.6434909105300903
172,1038000,-221.426844638685,-268.61758508778587,0.05052050325621773,0.6414181590080261
173,1044000,-292.61171530219326,-270.0857163336183,0.05010170448123245,0.6393454670906067
174,1050000,-166.20484799446422,-251.66790760195744,0.050132885805040134,0.6372727155685425
175,1056000,-213.21212957345642,-241.4209200564163,0.050299970653567776,0.635200023651123
176,1062000,-301.8245374633507,-245.638948717348,0.04772246449586237,0.6331272721290588
177,1068000,-252.15792326102746,-250.22243318942773,0.04532108258145551,0.6310545206069946
178,1074000,-227.16810931677173,-239.55043243262907,0.04748927906737663,0.6289818286895752
179,1080000,-267.14702917148134,-238.76822663724062,0.04656360064260662,0.626909077167511
180,1086000,-201.3629142052414,-240.5965725887495,0.04624755477988705,0.6248363852500916
181,1092000,-396.69285601177216,-253.98089069384437,0.04737762542544321,0.6227636337280273
182,1098000,-219.81299172130093,-253.81950540210596,0.04643121581421777,0.6206908822059631
183,1104000,-269.1263649619109,-251.47097036807773,0.04705421831270602,0.6186181902885437
184,1110000,-258.2479179677757,-260.6752773654089,0.045383027316206914,0.6165454387664795
185,1116000,-278.8625737642906,-267.24032178449227,0.04854493074313117,0.6144727468490601
186,1122000,-231.70502255093015,-260.22837029325024,0.046825655026419555,0.6123999953269958
187,1128000,-238.6420308969973,-258.8767810568472,0.04849472655738161,0.6103272438049316
188,1134000,-236.17400961113708,-259.7773710862838,0.046138655347012295,0.6082545518875122
189,1140000,-230.72138062328827,-256.13480623146444,0.049882657991178955,0.606181800365448
190,1146000,-188.76527199108432,-254.87504201004873,0.05283498292823788,0.6041091084480286
191,1152000,-236.82151772720732,-238.88790818159228,0.05168706820984759,0.6020363569259644
192,1158000,-220.68359238197627,-238.9749682476598,0.05364804772072239,0.5999636650085449
193,1164000,-292.34324545366826,-241.29665629683555,0.053277785331360066,0.5978909134864807
194,1170000,-314.6519488877675,-246.93705938883468,0.05311509091482731,0.5958181619644165
195,1176000,-325.8052015669791,-251.63132216910353,0.056487156586702135,0.5937454700469971
196,1182000,-291.0253123094226,-257.5633511449528,0.054091153387135514,0.5916727185249329
197,1188000,-255.37058203030028,-259.23620625828306,0.05271130579327776,0.5896000266075134
198,1194000,-243.52233943962761,-259.97103924113213,0.05507124425884104,0.5875272750854492
199,1200000,-296.59945651413,-266.55884683021634,0.05183428807154997,0.585454523563385
200,1206000,-220.99566483890067,-269.781886114998,0.05386932580161374,0.5833818316459656
201,1212000,-199.1747547416785,-266.0172098164451,0.05401510531115734,0.5813090801239014
202,1218000,-256.1673616148546,-269.5655867397329,0.049774747290900756,0.5792363882064819
203,1224000,-208.52780529280426,-261.1840427236465,0.05114198610691043,0.5771636366844177
204,1230000,-206.97936288385608,-250.41678412325535,0.04989332055314056,0.5750908851623535
205,1236000,-226.29455084362598,-240.46571905092006,0.05445475244208744,0.5730181932449341
206,1242000,-181.7860800668368,-229.54179582666148,0.05375460519552386,0.5709454417228699
207,1248000,-302.7255606754038,-234.27729369117182,0.0523146807080872,0.5688727498054504
208,1254000,-149.6748509435638,-224.89254484156544,0.04953627215106583,0.5667999982833862
209,1260000,-244.20268432763987,-219.65286762291643,0.04997152692543265,0.564727246761322
210,1266000,-244.8366420542891,-222.03696534445527,0.04997192762004367,0.5626545548439026
211,1272000,-337.6196437700364,-235.8814542472911,0.05188591356854886,0.5605818033218384
212,1278000,-196.39208774617418,-229.90392686042304,0.04936776128587856,0.558509111404419
213,1284000,-288.23115362304816,-237.87426169344744,0.04954831473558443,0.5564363598823547
214,1290000,-275.57870051646023,-244.73419545670785,0.0492840107200124,0.5543636083602905
215,1296000,-281.80915414713127,-250.28565578705837,0.04833658605458913,0.5522909164428711
216,1302000,-342.09309628551637,-266.31635740892636,0.05182439431650952,0.5502181649208069
217,1308000,-193.96723987425867,-255.4405253288118,0.05298238143743947,0.5481454730033875
218,1314000,-299.0168472829173,-270.3747249627471,0.05052086260491827,0.5460727214813232
219,1320000,-262.34936932966957,-272.1893934629501,0.05405443348539605,0.5440000295639038
220,1326000,-240.86175006532358,-271.7919042640536,0.049861922918159204,0.5419272780418396
221,1332000,-181.50056265344574,-256.1799961523945,0.04914792782029447,0.5398545265197754
222,1338000,-345.62786876077735,-271.10357425385484,0.05096509911325605,0.537781834602356
223,1344000,-221.69530241300163,-264.4499891328502,0.04920498706937845,0.5357090830802917
224,1350000,-288.8954126859453,-265.7816603497987,0.04907051436946495,0.5336363911628723
225,1356000,-268.7146782771779,-264.47221276280334,0.05258083390791823,0.5315636396408081
226,1362000,-282.71381378148544,-258.53428451240023,0.05099413621425629,0.5294908881187439
227,1368000,-338.0046725403663,-272.938027779011,0.05228403628287682,0.5274181962013245
228,1374000,-317.91171051848687,-274.827514102568,0.049953667218156625,0.5253454446792603
229,1380000,-292.2175200739712,-277.8143291769981,0.05044856084142035,0.5232727527618408
230,1386000,-233.19311802543052,-277.0474659730088,0.04896003738850899,0.5212000012397766
231,1392000,-233.0962838547366,-282.2070380931379,0.05010043358065498,0.5191272497177124
232,1398000,-298.25019155120344,-277.4692703721805,0.050114550055431514,0.517054557800293
233,1404000,-191.3522590732573,-274.4349660382061,0.05024030762577119,0.5149818062782288
234,1410000,-299.36205052471996,-275.48162982208356,0.053203748507075946,0.5129091143608093
235,1416000,-215.50365216407909,-270.1605272107737,0.05131962918973295,0.5108363628387451
236,1422000,-278.79805810005746,-269.7689516426309,0.052673079803411384,0.5087636113166809
237,1428000,-156.709304395059,-251.63941482810014,0.051619844501256014,0.5066909193992615
238,1434000,-202.81174800767076,-240.12941857701853,0.049860477696386324,0.5046181678771973
239,1440000,-201.66132718135918,-231.07379928775737,0.04999779395171208,0.5025454759597778
240,1446000,-302.542881619569,-238.0087756471712,0.04963441121384191,0.5004727244377136
241,1452000,-227.17814018107674,-237.4169612798052,0.05390572675511551,0.4984000027179718
242,1458000,-266.9584421136483,-234.28778633604966,0.05182708579384295,0.49632728099823
243,1464000,-209.74615789983181,-236.12717621870715,0.052703796479540564,0.49425455927848816
244,1470000,-301.2408198240664,-236.3150531486418,0.04921116228694639,0.49218180775642395
245,1476000,-217.1977068453325,-236.48445861676709,0.05003652638856632,0.49010908603668213
246,1482000,-199.527126456961,-228.55736545245745,0.04959008434776721,0.4880363643169403
247,1488000,-277.81961694578786,-240.66839670753035,0.047394710477577366,0.4859636425971985
248,1494000,-316.55955679549515,-252.04317758631277,0.05000563032606927,0.48389092087745667
249,1500000,-240.8437996398643,-255.96142483216332,0.04895175398278904,0.48181816935539246
250,1506000,-283.32499198196456,-254.03963586840285,0.04784046281160166,0.47974544763565063
251,1512000,-226.30981997525942,-253.95280384782114,0.046108398014427315,0.4776727259159088
252,1518000,-220.15749720890017,-249.27270935734632,0.04887272155690395,0.475600004196167
253,1524000,-322.73830659075793,-260.5719242264389,0.05047491444032251,0.47352728247642517
254,1530000,-197.48082778607568,-250.19592502263987,0.05182589005653669,0.47145453095436096
255,1536000,-301.48055260705587,-258.6242095988122,0.051340996536562065,0.46938180923461914
256,1542000,-252.01478527109205,-263.8729754802253,0.05138091033411911,0.4673090875148773
257,1548000,-250.32895380766558,-261.12390916641306,0.05373338200142219,0.4652363657951355
258,1554000,-189.97438132279285,-248.46539161914285,0.053660511830123145,0.4631636440753937
259,1560000,-184.21501713497855,-242.80251336865427,0.052084881860316574,0.46109092235565186
260,1566000,-371.2353960602559,-251.5935537764834,0.05072124478655557,0.45901817083358765
261,1572000,-337.7035694075039,-262.73292871970784,0.05052200657897629,0.4569454491138458
262,1578000,-328.8888774990992,-273.60606674872776,0.04855662454750079,0.454872727394104
263,1584000,-257.0583543327825,-267.0380715229302,0.04793623861274682,0.4528000056743622
264,1590000,-295.73199277994354,-276.863188022317,0.04741738471130763,0.45072728395462036
265,1596000,-269.5788273469261,-273.673015496304,0.05055582159010616,0.44865453243255615
266,1602000,-229.33773203585588,-271.4053101727804,0.050036483980540655,0.44658181071281433
267,1608000,-202.13858432584038,-266.5862732245979,0.04955776701370875,0.4445090889930725
268,1614000,-197.94509735446627,-267.3833448277652,0.04936580251985773,0.4424363672733307
269,1620000,-135.32320412447007,-262.4941635267144,0.048669366580890105,0.44036364555358887
270,1626000,-265.3154870444123,-251.90217262513002,0.04818574274527297,0.43829092383384705
271,1632000,-153.50834661088078,-233.4826503454677,0.04901260470358344,0.43621817231178284
272,1638000,-203.4396018465959,-220.93772278021737,0.048731447555532215,0.434145450592041
273,1644000,-255.9146737199153,-220.82335471893066,0.053374220375029834,0.4320727288722992
274,1650000,-213.21511931717941,-212.57166737265425,0.05139814494464857,0.4300000071525574
275,1656000,-220.35106026694666,-207.6488906646563,0.04977162172239817,0.42792728543281555
276,1662000,-303.5320617178186,-215.06832363285258,0.051510202391577574,0.42585453391075134
277,1668000,-283.21716467059014,-223.17618166732754,0.051985957324155604,0.4237818121910095
278,1674000,-190.4880538687321,-222.43047731875413,0.05054156864830293,0.4217090904712677
279,1680000,-165.03465832459187,-225.40162273876632,0.05189897014513069,0.4196363687515259
280,1686000,-189.01843972387906,-217.77191800671298,0.0508734237816534,0.41756364703178406
281,1692000,-289.18415474140056,-231.33949881976497,0.05133316445649446,0.41549089550971985
282,1698000,-197.0575857899782,-230.70129721410316,0.050527423291350716,0.413418173789978
283,1704000,-273.16781768776025,-232.42661161088768,0.048953682911562886,0.4113454520702362
284,1710000,-284.4211855324247,-239.5472182324122,0.053417529048320526,0.4092727303504944
285,1716000,-248.9229616189623,-242.40440836761377,0.05394300656944203,0.40720000863075256
286,1722000,-274.0103369530625,-239.45223589113817,0.05304458042777454,0.40512728691101074
287,1728000,-210.29879745316885,-232.16039916939604,0.051022184956100926,0.40305453538894653
288,1734000,-207.22639375167273,-233.83423315769014,0.0521379071706906,0.4009818136692047
289,1740000,-333.7330513660727,-250.70407246183817,0.05367526507032259,0.3989090919494629
290,1746000,-191.52118607901866,-250.95434709735213,0.05125336922045487,0.39683637022972107
291,1752000,-213.92013077546653,-243.42794470075873,0.04916257744847098,0.39476364850997925
292,1758000,-281.98026738889894,-251.92021286065082,0.05038850936668071,0.39269089698791504
293,1764000,-229.85558201343883,-247.58898929321867,0.051363370804853425,0.3906181752681732
294,1770000,-236.56081643726793,-242.802952383703,0.04929124709692163,0.3885454535484314
295,1776000,-206.6035000211441,-238.5710062239212,0.05071045670697155,0.3864727318286896
296,1782000,-262.7396685492531,-237.44393938354023,0.05052299546335901,0.38440001010894775
297,1788000,-220.49758833721444,-238.4638184719448,0.05198354937351542,0.38232725858688354
298,1794000,-234.5804440282809,-241.1992234996056,0.0504303225769933,0.3802545368671417
299,1800000,-210.7762752991257,-228.90354589291093,0.05035191926457143,0.3781818151473999
300,1806000,-335.42286533642243,-243.2937138186513,0.05283405964286066,0.3761090934276581
301,1812000,-270.12187284348965,-248.91388802545362,0.05093218967768674,0.37403637170791626
302,1818000,-212.11806832373986,-241.9276681189377,0.050450390918316164,0.37196364998817444
303,1824000,-142.9319848035011,-233.23530839794392,0.04981554303748999,0.36989089846611023
304,1830000,-224.88779770203837,-232.06800652442098,0.05173469940272237,0.3678181767463684
305,1836000,-249.35527686389105,-236.34318420869567,0.05238522037388369,0.3657454550266266
306,1842000,-320.10476397200546,-242.0796937509709,0.05249953218823066,0.36367273330688477
307,1848000,-197.2329226483007,-239.75322718207954,0.04969570516298215,0.36160001158714294
308,1854000,-203.6498775884403,-236.66017053809546,0.049810138633377694,0.35952726006507874
309,1860000,-223.7890704354577,-237.96145005172866,0.049324698002116446,0.3574545383453369
310,1866000,-209.27299638984186,-225.3464631570706,0.050825139320028634,0.3553818166255951
311,1872000,-235.21127366784276,-221.8554032395059,0.04982750541710993,0.35330909490585327
312,1878000,-174.97098883365106,-218.14069529049704,0.05060494766764653,0.35123637318611145
313,1884000,-256.9044192759111,-229.53793873773802,0.05198737870960031,0.34916362166404724
314,1890000,-212.8990697807567,-228.33906594560986,0.05138898873269015,0.3470908999443054
315,1896000,-186.2378233510226,-222.02732059432302,0.051642101836157965,0.3450181782245636
316,1902000,-171.41121823881258,-207.15796602100372,0.049035894207772796,0.3429454565048218
317,1908000,-278.12670125596014,-215.24734388176967,0.049806999937747606,0.34087273478507996
318,1914000,-252.2473563922522,-220.10709176215087,0.05004912604849475,0.33880001306533813
319,1920000,-147.2524150027275,-212.45342621887784,0.04803859538026154,0.3367272615432739
320,1926000,-131.5971228385156,-204.68583886374523,0.04911201964662178,0.3346545398235321
321,1932000,-308.89866122149033,-212.05457761910998,0.04702133615699131,0.3325818181037903
322,1938000,-285.66457261005235,-223.1239359967501,0.046932665930653455,0.33050909638404846
323,1944000,-299.6723633580914,-227.40073040496813,0.046496882392539796,0.32843637466430664
324,1950000,-185.3790658559501,-224.64873001248748,0.043530539708522456,0.32636362314224243
325,1956000,-212.02970011073558,-227.22791768845877,0.044629959429313505,0.3242909014225006
326,1962000,-248.8013654617862,-234.96693241075613,0.04690306966752784,0.3222181797027588
327,1968000,-217.22273610734374,-228.8765358958945,0.047076578168343985,0.32014545798301697
328,1974000,-275.2720723140137,-231.17900748807065,0.04465815519002111,0.31807273626327515
329,1980000,-267.09751666378634,-243.16351765417653,0.04515934461621025,0.3160000145435333
330,1986000,-206.58496128025308,-250.66230149835027,0.046570296454515,0.3139272630214691
331,1992000,-324.8609447293052,-252.25852984913178,0.04596593457937706,0.3118545413017273
332,1998000,-181.78582695669684,-241.87065528379622,0.04753369130801487,0.3097818195819855
333,2004000,-269.8435829588416,-238.88777724387123,0.04599322546224963,0.30770909786224365
334,2010000,-296.4029514322367,-249.99016580149993,0.047732778226801505,0.30563637614250183
335,2016000,-232.88481842890542,-252.0756776333169,0.04823254205230235,0.3035636246204376
336,2022000,-221.82304779893457,-249.37784586703174,0.048695594569668176,0.3014909029006958
337,2028000,-170.4220798751776,-244.69778024381512,0.0481627198876619,0.299418181180954
338,2034000,-328.57324701216567,-250.02789771363032,0.048092050710479575,0.29734545946121216
339,2040000,-259.84318552818513,-249.3024646000702,0.04994393823488887,0.29527273774147034
340,2046000,-169.66614073354503,-245.61058254539938,0.04795955273022021,0.29319998621940613
341,2052000,-251.5020699849665,-238.2746950709655,0.04899423317494802,0.2911272644996643
342,2058000,-284.88698298227973,-248.58481067352378,0.04738081850425806,0.2890545427799225
343,2064000,-211.65989080054715,-242.76644145769433,0.05131266904899773,0.28698182106018066
344,2070000,-202.39408156066384,-233.36555447053706,0.04922272379991288,0.28490909934043884
345,2076000,-231.83827223842673,-233.2608998514892,0.0475005196078564,0.282836377620697
346,2082000,-284.0259571061688,-239.48119078221262,0.048997722018568314,0.2807636260986328
347,2088000,-181.2480954469852,-240.5637923393934,0.049115800328746746,0.278690904378891
348,2094000,-244.47211714801233,-232.15367935297803,0.04730528023225876,0.27661818265914917
349,2100000,-251.91757383648655,-231.36111818380817,0.0477742784776395,0.27454546093940735
350,2106000,-255.9349527808954,-239.98799938854322,0.04788538123302472,0.2724727392196655
351,2112000,-285.5355596445388,-243.39134835450045,0.046440207290598966,0.2703999876976013
352,2118000,-212.06619621274876,-236.10926967754736,0.047419073278123204,0.2683272659778595
353,2124000,-266.87602236589737,-241.63088283408237,0.048007266693224665,0.2662545442581177
354,2130000,-207.1510107644208,-242.10657575445808,0.04923889764460425,0.26418182253837585
355,2136000,-204.46502748701096,-239.3692512793165,0.050847695533574246,0.26210910081863403
356,2142000,-256.22964670873625,-236.58962023957324,0.04869724374862077,0.2600363492965698
357,2148000,-135.1038202129348,-231.9751927161682,0.04907738591300828,0.257963627576828
358,2154000,-291.61578380126775,-236.68955938149375,0.0496521347402595,0.2558909058570862
359,2160000,-282.12207474114075,-239.71000947195915,0.04905517075889899,0.25381818413734436
360,2166000,-333.11985235351676,-247.4284994292213,0.048887291659368205,0.25174546241760254
361,2172000,-241.52834639102912,-243.02777810387033,0.049994371155742554,0.24967272579669952
362,2178000,-283.9458266421352,-250.21574114680897,0.04995293205219787,0.2476000040769577
363,2184000,-276.3653139384696,-251.1646703040662,0.0502059658994743,0.2455272674560547
364,2190000,-159.2272565504718,-246.3722948826713,0.05118954664866517,0.24345454573631287
365,2196000,-158.37599928753843,-241.76339206272405,0.048796295423506914,0.24138182401657104
366,2202000,-391.5132338135081,-255.29175077320124,0.0500555647489576,0.23930908739566803
367,2208000,-242.30527147654357,-266.0118958995621,0.0479708602426302,0.2372363656759262
368,2214000,-278.2780910772399,-264.6781266271593,0.05171848894795403,0.2351636290550232
369,2220000,-280.3387400543834,-264.4997931584836,0.048844703659939114,0.23309090733528137
370,2226000,-218.71187039543656,-253.05899496267557,0.051416701257325864,0.23101818561553955
371,2232000,-363.6557705070936,-265.271737374282,0.0497800053806277,0.22894544899463654
372,2238000,-320.75091196428184,-268.95224590649667,0.05033416244515684,0.22687272727489471
373,2244000,-204.1543549257076,-261.73115000522046,0.050170914656909496,0.2248000055551529
374,2250000,-241.3470028762049,-269.9431246377938,0.0494733289401435,0.22272726893424988
375,2256000,-236.43829929246385,-277.7493546382863,0.05025413495228471,0.22065454721450806
376,2262000,-253.28924909198395,-263.9269561661339,0.05088047749246471,0.21858182549476624
377,2268000,-311.2075497741098,-270.81718399589056,0.04891649454108362,0.21650908887386322
378,2274000,-283.1747084517192,-271.3068457333385,0.04960466136143077,0.2144363671541214
379,2280000,-275.38155095262846,-270.81112682316297,0.05221133156724197,0.21236363053321838
380,2286000,-201.28875125355262,-269.06881490897456,0.05247281103342539,0.21029090881347656
381,2292000,-222.2492859422473,-254.92816645248996,0.055186553027849486,0.20821818709373474
382,2298000,-289.24485026614275,-251.77756028267603,0.052068262306721104,0.20614545047283173
383,2304000,-218.4097341405286,-253.20309820415815,0.05243713971176961,0.2040727287530899
384,2310000,-318.61477693353663,-260.9298756098913,0.0504272379030784,0.20200000703334808
385,2316000,-291.2569876102698,-266.4117444416719,0.053488043886939216,0.19992727041244507
386,2322000,-251.92734742604807,-266.2755542750783,0.05288551215920597,0.19785454869270325
387,2328000,-307.02049492546575,-265.8568487902139,0.05369421098722766,0.19578181207180023
388,2334000,-182.5004169408703,-255.78941963912902,0.05245422700035852,0.1937090903520584
389,2340000,-195.78297364455648,-247.82956190832184,0.0508444539749762,0.1916363686323166
390,2346000,-192.52201021405563,-246.95288780437212,0.05161126986180898,0.18956363201141357
391,2352000,-396.25995325845724,-264.3539545359931,0.05295142389445876,0.18749091029167175
392,2358000,-327.4043541766059,-268.16990492703945,0.05231415262521477,0.18541818857192993
393,2364000,-356.4414924113653,-281.9730807541231,0.05279118739382829,0.18334545195102692
394,2370000,-347.372417042965,-284.84884476506596,0.05192915161559358,0.1812727302312851
395,2376000,-238.4180772390348,-279.56495372794245,0.05370577062344334,0.17919999361038208
396,2382000,-284.57795756640644,-282.8300147419783,0.05338296288789328,0.17712727189064026
397,2388000,-338.73826613327856,-286.00179186275955,0.054628673108333414,0.17505455017089844
398,2394000,-198.3768786294313,-287.58943803161566,0.05514166622927102,0.17298181354999542
399,2400000,-365.4929763193504,-304.56043829909504,0.0565462481584594,0.1709090918302536
400,2406000,-370.1818243892267,-322.3264197166121,0.05454275749850785,0.16883637011051178
401,2412000,-307.43798966406706,-313.44422335717314,0.05727615447326874,0.16676363348960876
402,2418000,-163.84062652043576,-297.0878505915561,0.056537948143455044,0.16469091176986694
403,2424000,-276.01491114521605,-289.04519246494124,0.05458357291010907,0.16261817514896393
404,2430000,-245.95499228540984,-278.90344998918573,0.05789250415734326,0.1605454534292221
405,2436000,-163.13951261671173,-271.37559352695337,0.058492375450208786,0.15847273170948029
406,2442000,-211.94344144267598,-264.1121419145803,0.056759298878683084,0.15639999508857727
407,2448000,-195.97721380905932,-249.8360366821584,0.05704880024529606,0.15432727336883545
408,2454000,-251.72563714451098,-255.17091253366638,0.05769148589497975,0.15225455164909363
409,2460000,-199.50435815978926,-238.57205071771028,0.05557832968838435,0.1501818150281906
410,2466000,-324.9397138335571,-234.0478396621433,0.0555428283191286,0.1481090933084488
411,2472000,-229.40723779460404,-226.244764475197,0.0562353181753618,0.14603635668754578
412,2478000,-419.1246913592904,-251.77317095908248,0.058206627198145726,0.14396363496780396
413,2484000,-244.536182926322,-248.62529813719306,0.0590789156507041,0.14189091324806213
414,2490000,-186.11647895220472,-242.64144680387253,0.05663058925648996,0.13981817662715912
415,2496000,-234.74651997033652,-249.80214753923502,0.0567936050943487,0.1377454549074173
416,2502000,-350.7078574887464,-263.67858914384203,0.05916571017568155,0.13567273318767548
417,2508000,-184.42915303243353,-262.5237830661795,0.058743012588936834,0.13359999656677246
418,2514000,-332.5386782577325,-270.6050871775016,0.05959066244476708,0.13152727484703064
419,2520000,-253.325801264049,-275.9872314879276,0.05929329374353013,0.12945453822612762
420,2526000,-264.268813890636,-269.92014149363547,0.059362713111467506,0.1273818165063858
421,2532000,-325.69272612062196,-279.5486903262373,0.06128261344290028,0.12530909478664398
422,2538000,-256.61827000309495,-263.29804819061775,0.0602501697789412,0.12323636561632156
423,2544000,-245.70941735405358,-263.4153716333909,0.05987607663949408,0.12116363644599915
424,2550000,-179.88180300290696,-262.79190403846115,0.05887285820744,0.11909090727567673
425,2556000,-158.40183321051882,-255.15743536247936,0.06044364463425397,0.11701817810535431
426,2562000,-299.977662854908,-250.08441589909552,0.060335892973525915,0.11494545638561249
427,2568000,-374.52075645093373,-269.09357624094554,0.06104598776462566,0.11287272721529007
428,2574000,-320.9939388042003,-267.9391022955923,0.06172077972403107,0.11079999804496765
429,2580000,-408.3571767225021,-283.44223984143764,0.06289838711145179,0.10872727632522583
430,2586000,-276.98116437596036,-284.7134748899701,0.06237553501913014,0.10665454715490341
431,2592000,-270.9323791075949,-279.2374401886674,0.060736645662070564,0.104581817984581
432,2598000,-204.42074135950315,-274.0176873243082,0.060061854457851345,0.10250908881425858
433,2604000,-306.68702806235103,-280.11544839513795,0.06270742557382133,0.10043636709451675
434,2610000,-309.82192930601104,-293.10946102544835,0.06452877463287829,0.09836363792419434
435,2616000,-262.91386776914715,-303.56066448131116,0.060686573473523214,0.09629090875387192
436,2622000,-296.12645866091043,-303.1755440619114,0.06411118378657071,0.0942181795835495
437,2628000,-206.48245343352573,-286.3717137601706,0.06369201504324641,0.09214545786380768
438,2634000,-201.90348108827402,-274.462667988578,0.06176221663733789,0.09007272869348526
439,2640000,-321.7936934697209,-265.80631966329986,0.065249143414471,0.08799999952316284
440,2646000,-229.95104191277642,-261.10330741698147,0.06278859467379516,0.08592727035284042
441,2652000,-143.1941843204113,-248.32948793826313,0.06364227287366521,0.0838545486330986
442,2658000,-284.317577137168,-256.3191715160296,0.06312525658961385,0.08178181946277618
443,2664000,-352.79225929488314,-260.9296946392828,0.06721773705049418,0.07970909029245377
444,2670000,-273.1160514213582,-257.25910685081755,0.06654124521530078,0.07763636112213135
445,2676000,-285.67541671384606,-259.5352617452874,0.0648351526480789,0.07556363940238953
446,2682000,-193.39362759774667,-249.26197863897104,0.06488797889459723,0.07349091023206711
447,2688000,-285.17199780994633,-257.13093307661313,0.06617840872025893,0.07141818106174469
448,2694000,-184.68726674697973,-255.4093116424837,0.06948580477580739,0.06934545189142227
449,2700000,-286.1638680071146,-251.84632909622306,0.06590534139525456,0.06727273017168045
450,2706000,-263.79333310046786,-255.2305582149922,0.0650049634266179,0.06520000100135803
451,2712000,-216.65900707773108,-262.5770404907242,0.06757973228569608,0.06312727183103561
452,2718000,-213.28095634529745,-255.4733784115371,0.06508912668384922,0.061054546386003494
453,2724000,-204.6458048564964,-240.65873296769843,0.06575040684366831,0.058981817215681076
454,2730000,-268.2467460096932,-240.17180242653194,0.06768363589401512,0.056909091770648956
455,2736000,-201.1115247674752,-231.71541323189484,0.06762093717465177,0.05483636260032654
456,2742000,-257.9027434851487,-238.16632482063505,0.0683329919547541,0.05276363715529442
457,2748000,-275.6775623303183,-237.21688127267225,0.06908452189810729,0.050690907984972
458,2754000,-443.44073152018336,-263.0922277499926,0.06768116320902481,0.05000000074505806
459,2760000,-228.4374950426536,-257.31959045354654,0.06836874421088335,0.05000000074505806
460,2766000,-321.15980823151403,-263.0562379666511,0.07057273424932889,0.05000000074505806
461,2772000,-334.533751388808,-274.84371239775885,0.06748370448426189,0.05000000074505806
462,2778000,-126.17818818111937,-266.133435581341,0.06911902813691025,0.05000000074505806
463,2784000,-211.39937998482674,-266.80879309417406,0.0703428555794914,0.05000000074505806
464,2790000,-261.5392557808573,-266.13804407129044,0.0691113960321915,0.05000000074505806
465,2796000,-260.7142439254076,-272.0983159870837,0.07031697777224084,0.05000000074505806
466,2802000,-147.8062944260455,-261.0886710811734,0.06840469406141589,0.05000000074505806
467,2808000,-181.18957623239112,-251.63987247138067,0.07003989232898068,0.05000000074505806
468,2814000,-164.05053102867532,-223.70085242222984,0.07185822990259233,0.05000000074505806
469,2820000,-188.6476181881153,-219.721864736776,0.06896484918391797,0.05000000074505806
470,2826000,-257.29772780757776,-213.3356566943824,0.06947484862571582,0.05000000074505806
471,2832000,-300.183458064932,-209.9006273619948,0.06933184189535678,0.05000000074505806
472,2838000,-156.2981965416293,-212.91262819804578,0.07162058032028533,0.05000000074505806
473,2844000,-352.630236663892,-227.03571386595232,0.0721461967790965,0.05000000074505806
474,2850000,-216.3848898457818,-222.52027727244476,0.07011926833047376,0.05000000074505806
475,2856000,-244.18834751598544,-220.86768763150252,0.07187749357810631,0.05000000074505806
476,2862000,-232.40305488314516,-229.3273636772125,0.07531187285284978,0.05000000074505806
477,2868000,-277.25504523958443,-238.93391057793187,0.07488570441066986,0.05000000074505806
478,2874000,-160.67763582017142,-238.59662105708148,0.07225046122450536,0.05000000074505806
479,2880000,-208.02505935885347,-240.5343651741553,0.07560967797304814,0.05000000074505806
480,2886000,-225.26690715933364,-237.33128310933088,0.07634175709941579,0.05000000074505806
481,2892000,-132.4197776238725,-220.55491506522495,0.07582831799436826,0.05000000074505806
482,2898000,-159.32265884381377,-220.85736129544338,0.07691206962941215,0.05000000074505806
483,2904000,-138.87139849549658,-199.48147747860384,0.0764441218158463,0.05000000074505806
484,2910000,-137.6145968495075,-191.60444817897638,0.07439098266737225,0.05000000074505806
485,2916000,-220.27318451506017,-189.21293187888386,0.07740460315191497,0.05000000074505806
486,2922000,-248.56582887017686,-190.82920927758704,0.07640687903726939,0.05000000074505806
487,2928000,-224.08389075338164,-185.51209382896675,0.07968915691661338,0.05000000074505806
488,2934000,-241.84532371781825,-193.62886261873143,0.0798291959410999,0.05000000074505806
489,2940000,-298.7938468185639,-202.70574136470248,0.08097609134414233,0.05000000074505806
490,2946000,-234.78376865070277,-203.6574275138394,0.0800443826993384,0.05000000074505806
491,2952000,-256.76297053416056,-216.09174680486822,0.08386046583457694,0.05000000074505806
492,2958000,-308.4312011308084,-231.0026010335677,0.08509225452893103,0.05000000074505806
493,2964000,-233.11413360284018,-240.42687454430205,0.08535519704940574,0.05000000074505806
494,2970000,-274.1281579014569,-254.078230649497,0.08685616767383181,0.05000000074505806
495,2976000,-298.1650940266845,-261.86742160065944,0.08708130895757737,0.05000000074505806
496,2982000,-238.7375039096787,-260.8845891046096,0.08659755652630702,0.05000000074505806
497,2988000,-301.7162455654725,-268.6478245858187,0.08518330611432126,0.05000000074505806
498,2994000,-272.4175392271345,-271.7050461367503,0.08640516210945012,0.05000000074505806
499,3000000,-188.5149077551905,-260.67715223041296,0.08899080494298445,0.05000000074505806
500,3006000,-196.21733742680226,-256.8205091080229,0.08916062818428812,0.05000000074505806
501,3012000,-236.07476170426162,-254.751688225033,0.0907035513210188,0.05000000074505806
502,3018000,-197.590959545254,-243.66766406647758,0.09021052562763604,0.05000000074505806
503,3024000,-128.7445642725079,-233.23070713344433,0.09416848539421335,0.05000000074505806
504,3030000,-165.85993060696637,-222.40388440399528,0.09527201443972687,0.05000000074505806
505,3036000,-291.64029230907727,-221.75140423223456,0.09484007951714253,0.05000000074505806
506,3042000,-146.81174983871824,-212.5588288251385,0.0968677730698837,0.05000000074505806
507,3048000,-129.94402524525503,-195.38160679311676,0.09670980302446211,0.05000000074505806
508,3054000,-238.88327736435076,-192.0281806068384,0.09761178256540248,0.05000000074505806
509,3060000,-109.6360297049032,-184.14029280180966,0.09745906574977561,0.05000000074505806
510,3066000,-187.97996653139853,-183.3165557122693,0.09911293255770579,0.05000000074505806
511,3072000,-248.42092881598563,-184.5511724234417,0.10118260288354941,0.05000000074505806
512,3078000,-296.2997870072868,-194.42205516964498,0.1011669319854894,0.05000000074505806
513,3084000,-220.26126332029617,-203.5737250744238,0.09941422089220335,0.05000000074505806
514,3090000,-176.39451470190397,-204.62718348391758,0.10291593900753651,0.05000000074505806
515,3096000,-316.94702811046045,-207.15785706405586,0.10406238162067408,0.05000000074505806
516,3102000,-200.53370199197707,-212.53005227938175,0.10199269762565381,0.05000000074505806
517,3108000,-224.60313168777793,-221.99596292363404,0.10164887539514651,0.05000000074505806
518,3114000,-122.2433455820501,-210.33196974540397,0.10164277437895847,0.05000000074505806
519,3120000,-120.88942757164295,-211.45730953207794,0.1036388915591718,0.05000000074505806
520,3126000,-196.38323381855935,-212.29763626079404,0.10415447922023789,0.05000000074505806
521,3132000,-105.71411602888838,-198.0269549820843,0.10633257366421943,0.05000000074505806
522,3138000,-199.19810917176437,-188.31678719853207,0.10349187704750026,0.05000000074505806
523,3144000,-327.44852890080074,-199.03551375658253,0.10654071540191459,0.05000000074505806
524,3150000,-248.6582419977749,-206.26188648616963,0.10627033799591784,0.05000000074505806
525,3156000,-312.3427807725675,-205.80146175238033,0.10740644414222333,0.05000000074505806
526,3162000,-182.9560646104801,-204.04369801423064,0.10806329721778941,0.05000000074505806
527,3168000,-129.74836555417903,-194.55822140087076,0.10676931929696973,0.05000000074505806
528,3174000,-292.2128650924342,-211.55517335190916,0.10801879451796413,0.05000000074505806
529,3180000,-221.2945209776135,-221.59568269250622,0.10735590638546273,0.05000000074505806
530,3186000,-216.7654939895092,-223.6339087096012,0.10691068537797158,0.05000000074505806
531,3192000,-187.6712083864668,-231.82961794535905,0.11102358330413699,0.05000000074505806
532,3198000,-142.6685403427955,-226.17666106246216,0.10512387418506357,0.05000000074505806
533,3204000,-276.3586144725359,-221.06766961963567,0.10511506126021655,0.05000000074505806
534,3210000,-160.9230282133376,-212.29414824119195,0.10873916288923162,0.05000000074505806
535,3216000,-223.00482193365315,-203.3603523573005,0.10758742108227064,0.05000000074505806
536,3222000,-287.2982280311767,-213.79456869937016,0.1110369233964011,0.05000000074505806
537,3228000,-292.1284210112972,-230.03257424508197,0.11150457658447946,0.05000000074505806
538,3234000,-204.02294180850004,-221.21358191668855,0.11060102015182686,0.05000000074505806
539,3240000,-308.71186420477443,-229.95531623940465,0.10952660978907564,0.05000000074505806
540,3246000,-227.5172596054872,-231.03049280100245,0.11136908982325501,0.05000000074505806
541,3252000,-256.7354953397231,-237.93692149632807,0.10804500570090023,0.05000000074505806
542,3258000,-197.01485024066278,-243.3715524861148,0.11433565254757802,0.05000000074505806
543,3264000,-217.9022114636973,-237.52591218523094,0.1105471017572175,0.05000000074505806
544,3270000,-115.12892767370067,-232.94650213126724,0.10864091676170938,0.05000000074505806
545,3276000,-256.60739760412935,-236.30675969831486,0.10799198024459959,0.05000000074505806
546,3282000,-251.25794794371905,-232.7027316895691,0.1087480069755887,0.05000000074505806
547,3288000,-259.5417453644932,-229.4440641248887,0.10663602382678072,0.05000000074505806
548,3294000,-220.05568449006296,-231.04733839304498,0.11037807544219928,0.05000000074505806
549,3300000,-184.96344823983236,-218.67249679655077,0.11430010063864757,0.05000000074505806
550,3306000,-274.89311933804856,-223.41008276980693,0.111457242688785,0.05000000074505806
551,3312000,-391.14585109314794,-236.85111834514942,0.1100607236145297,0.05000000074505806
552,3318000,-266.545291045275,-243.80416242561063,0.1139503410361552,0.05000000074505806
553,3324000,-156.5967167108953,-237.67361295033044,0.11230885488935746,0.05000000074505806
554,3330000,-174.74190876304783,-243.63491105926514,0.11140278990838366,0.05000000074505806
555,3336000,-215.06178260597335,-239.48034955944954,0.11257863791255901,0.05000000074505806
556,3342000,-141.62161568964757,-228.5167163340424,0.10955904993756364,0.05000000074505806
557,3348000,-261.38983438586365,-228.70152523617944,0.11048967104121887,0.05000000074505806
558,3354000,-246.42331325265695,-231.33828811243885,0.11012792616042619,0.05000000074505806
559,3360000,-262.85111341887296,-239.1270546303429,0.1110219873151121,0.05000000074505806
560,3366000,-327.5000295233858,-244.38774564887663,0.11254265799136677,0.05000000074505806
561,3372000,-202.43702829797462,-225.51686336935927,0.11092916173588795,0.05000000074505806
562,3378000,-282.97685782175904,-227.16002004700766,0.11295028305752203,0.05000000074505806
563,3384000,-282.06229659803284,-239.7065780357215,0.10881669057090766,0.05000000074505806
564,3390000,-287.716282869078,-251.0040154463245,0.11342814876888102,0.05000000074505806
565,3396000,-337.8054138189036,-263.27837856761755,0.11838266731984913,0.05000000074505806
566,3402000,-283.7859659612368,-277.4948135947764,0.10958516290698511,0.05000000074505806
567,3408000,-220.33370412338263,-273.3892005685283,0.11275653451409501,0.05000000074505806
568,3414000,-164.4019844249451,-265.18706768575714,0.11594230265694205,0.05000000074505806
569,3420000,-166.69100760274887,-255.5710571041447,0.11358266146822522,0.05000000074505806
570,3426000,-193.2375272455174,-242.14480687635788,0.1133700806699538,0.05000000074505806
571,3432000,-202.87222131541057,-242.18832617810148,0.11343855968168161,0.05000000074505806
572,3438000,-188.73257949892104,-232.7638983458177,0.1122230159403989,0.05000000074505806
573,3444000,-191.42876188838954,-223.70054487485336,0.11792581300833263,0.05000000074505806
574,3450000,-253.3843627072165,-220.2673528586672,0.11441052040306386,0.05000000074505806
575,3456000,-244.70697789310543,-210.95750926608738,0.11226159173475268,0.05000000074505806
576,3462000,-215.8087259810054,-204.15978526806424,0.1138666190757649,0.05000000074505806
577,3468000,-371.98363894131944,-219.32477874985793,0.11539821215365859,0.05000000074505806
578,3474000,-184.4343589631335,-221.32801620367678,0.1166404771793168,0.05000000074505806
579,3480000,-325.9075205141585,-237.24966749481774,0.11698937478704223,0.05000000074505806
580,3486000,-279.1909955973748,-245.84501433000347,0.11815355966352703,0.05000000074505806
581,3492000,-291.8978065083911,-254.74757284930152,0.11738092727578867,0.05000000074505806
582,3498000,-230.05601111848773,-258.87991601125816,0.11502021462804017,0.05000000074505806
583,3504000,-178.32308030213153,-257.5693478526324,0.11813280671986286,0.05000000074505806
584,3510000,-242.33275704233165,-256.4641872861439,0.11767392159816033,0.05000000074505806
585,3516000,-98.12786187437814,-241.80627568427116,0.11952038533217274,0.05000000074505806
586,3522000,-251.26258979760541,-245.35166206593118,0.1177389205925477,0.05000000074505806
587,3528000,-171.26350785548675,-225.2796489573479,0.11943279064601908,0.05000000074505806
588,3534000,-308.9567915613479,-237.73189221716933,0.12126226830210847,0.05000000074505806
589,3540000,-239.9277564977474,-229.13391581552824,0.11880753253687483,0.05000000074505806
590,3546000,-388.6206921619523,-240.076885471986,0.1171667475408952,0.05000000074505806
591,3552000,-218.78559968749596,-232.76566478989648,0.12162681350205094,0.05000000074505806
592,3558000,-187.0763945028848,-228.46770312833618,0.11882802305583998,0.05000000074505806
593,3564000,-267.8918260191567,-237.4245777000387,0.12003047156279596,0.05000000074505806
594,3570000,-299.43757784112677,-243.1350597799182,0.11919401090126484,0.05000000074505806
595,3576000,-182.55414879190198,-251.57768847167063,0.12047973354296604,0.05000000074505806
596,3582000,-173.73522406447773,-243.82495189835782,0.11836040972848423,0.05000000074505806
597,3588000,-233.7793975672139,-250.07654086953053,0.120000585566042,0.05000000074505806
598,3594000,-186.92094895121045,-237.87295660851677,0.12084459197148681,0.05000000074505806
599,3600000,-188.22268991071178,-232.70244994981323,0.12104964113844714,0.05000000074505806
600,3606000,-317.9127509486243,-225.6316558284804,0.12004528515413404,0.05000000074505806
601,3612000,-193.30738570071117,-223.08383442980193,0.12198039966499588,0.05000000074505806
602,3618000,-168.98075656050696,-221.27427063556416,0.12289036888221744,0.05000000074505806
603,3624000,-171.74284188673482,-211.65937222232196,0.12379329765339693,0.05000000074505806
604,3630000,-156.56707730984408,-197.37232216919372,0.12384912938717753,0.05000000074505806
605,3636000,-143.840854134236,-193.50099270342713,0.11753695315227378,0.05000000074505806
606,3642000,-245.59064291126197,-200.68653458810553,0.11827745999364803,0.05000000074505806
607,3648000,-131.45682704310275,-190.45427753569442,0.11389591533104734,0.05000000074505806
608,3654000,-232.18561594082712,-194.9807442346561,0.11678392074652948,0.05000000074505806
609,3660000,-131.78443473990592,-189.33691871757551,0.11817224799341057,0.05000000074505806
610,3666000,-266.02243690450996,-184.14788731316406,0.11799538317346014,0.05000000074505806
611,3672000,-145.19687073797104,-179.33683581689007,0.11768413867013684,0.05000000074505806
612,3678000,-207.15552696524173,-183.15431285736355,0.11289239820255897,0.05000000074505806
613,3684000,-141.79454348997206,-180.15948301768725,0.11478781759610865,0.05000000074505806
614,3690000,-100.66315909756668,-174.5690911964595,0.11465702349871086,0.05000000074505806
615,3696000,-294.36241301276243,-189.62124708431216,0.11579282174496135,0.05000000074505806
616,3702000,-200.04706026882923,-185.06688882006887,0.1162173800591845,0.05000000074505806
617,3708000,-312.3052356465287,-203.15172968041148,0.11275771784134364,0.05000000074505806
618,3714000,-220.5280122337972,-201.98596930970848,0.11586352037355148,0.05000000074505806
619,3720000,-173.77097216305629,-206.1846230520235,0.11156211831242156,0.05000000074505806
620,3726000,-307.5251140241699,-210.3348907639895,0.11502761059021577,0.05000000074505806
621,3732000,-256.8925048456731,-221.5044541747597,0.11472558527684305,0.05000000074505806
622,3738000,-214.69208795558006,-222.25811027379353,0.11643043368208843,0.05000000074505806
623,3744000,-270.18083547741526,-235.09673947253788,0.11737022648018319,0.05000000074505806
624,3750000,-137.9081100620839,-238.82123456898958,0.11514801937295124,0.05000000074505806
625,3756000,-350.0057254485637,-244.38556581256972,0.11775167243912195,0.05000000074505806
626,3762000,-245.8344443848764,-248.96430422417444,0.11857790729826471,0.05000000074505806
627,3768000,-161.4584686622784,-233.8796275257494,0.1177925606520148,0.05000000074505806
628,3774000,-140.81986792337557,-225.90881309470723,0.11438780861507014,0.05000000074505806
629,3780000,-216.9635265032739,-230.228068528729,0.11509517827416615,0.05000000074505806
630,3786000,-98.852711302432,-209.3608282565552,0.11508035154035315,0.05000000074505806
631,3792000,-172.92305092910829,-200.96388286489872,0.11350456294295146,0.05000000074505806
632,3798000,-240.15596372968184,-203.51027044230892,0.11622683823764479,0.05000000074505806
633,3804000,-262.37563270749615,-202.729750165317,0.11731256849202328,0.05000000074505806
634,3810000,-153.5070427155515,-204.28964343066377,0.1162749344004163,0.05000000074505806
635,3816000,-215.37511839946092,-190.8265827257535,0.1170460757225131,0.05000000074505806
636,3822000,-167.9369218347947,-183.03683047074531,0.1138123405558678,0.05000000074505806
637,3828000,-83.54871259360516,-175.245854863878,0.11438021102683464,0.05000000074505806
638,3834000,-121.90933611297442,-173.3548016828379,0.11260982842421315,0.05000000074505806
639,3840000,-205.07759696495486,-172.16620872900597,0.11299560518628762,0.05000000074505806
640,3846000,-250.79482580617105,-187.3604201793799,0.1187556453316162,0.05000000074505806
641,3852000,-300.7742032010483,-200.14553540657388,0.11346252795735684,0.05000000074505806
642,3858000,-117.73170027662127,-187.90310906126783,0.11563284158695024,0.05000000074505806
643,3864000,-172.8011477596865,-178.94566056648688,0.11600643465854228,0.05000000074505806
644,3870000,-240.63182554537525,-187.65813884946925,0.11487926487921504,0.05000000074505806
645,3876000,-245.28379094708362,-190.64900610423152,0.112642368728489,0.05000000074505806
646,3882000,-221.3889003420204,-195.9942039549541,0.11028006479431254,0.05000000074505806
647,3888000,-233.7060625337981,-211.00993894897337,0.11346607244825767,0.05000000074505806
648,3894000,-151.62289391658487,-213.98129472933442,0.11086374108155723,0.05000000074505806
649,3900000,-248.937202438163,-218.36725527665521,0.11190430542863518,0.05000000074505806
650,3906000,-174.71152343174344,-210.7589250392125,0.10822700237727258,0.05000000074505806
651,3912000,-260.886812803697,-206.77018599947732,0.1099607943596396,0.05000000074505806
652,3918000,-323.93203463240206,-227.3902194350554,0.10809645761157541,0.05000000074505806
653,3924000,-132.7003155731436,-223.38013621640113,0.10842240540972367,0.05000000074505806
654,3930000,-162.32627580375993,-215.54958124223958,0.10593149954332814,0.05000000074505806
655,3936000,-204.47069104313596,-211.4682712518448,0.1068700104249486,0.05000000074505806
656,3942000,-309.19970198601186,-220.249351416244,0.10661335421889089,0.05000000074505806
657,3948000,-303.9528267503629,-227.2740278379005,0.1058953366453837,0.05000000074505806
658,3954000,-201.29718669554677,-232.24145711579666,0.10630302679069185,0.05000000074505806
659,3960000,-167.97610035799426,-224.14534690777978,0.10849981824615194,0.05000000074505806
660,3966000,-235.08077559160665,-230.1822721237661,0.10652964078229464,0.05000000074505806
661,3972000,-181.76137170219545,-222.26972801361595,0.10751156364020426,0.05000000074505806
662,3978000,-306.76083037461285,-220.55260758783703,0.10733665717563902,0.05000000074505806
663,3984000,-198.21012666961633,-227.1035886974843,0.10747670299509385,0.05000000074505806
664,3990000,-135.43669206765844,-224.41463032387415,0.10481042699172394,0.05000000074505806
665,3996000,-142.41363053984605,-218.20892427354516,0.1029961043712489,0.05000000074505806
666,4002000,-150.5433712554077,-202.34329120048474,0.10313950723972327,0.05000000074505806
667,4008000,-231.8575730596167,-195.13376583141013,0.10122137006636088,0.05000000074505806
668,4014000,-215.87324683219776,-196.59137184507523,0.10161614384207254,0.05000000074505806
669,4020000,-244.67442083648348,-204.26120389292413,0.10443605563997213,0.05000000074505806
670,4026000,-250.22421008804486,-205.77554734256796,0.09922936797320532,0.05000000074505806
671,4032000,-213.61114014739724,-208.96052418708814,0.09996664543201526,0.05000000074505806
672,4038000,-182.63479939684203,-196.54792108931105,0.09937902305383856,0.05000000074505806
673,4044000,-204.32050685094964,-197.1589591074444,0.10199802789759511,0.05000000074505806
674,4050000,-139.28901491875877,-197.5441913925544,0.10030616724095308,0.05000000074505806
675,4056000,-352.6829171739664,-218.57112005596645,0.10128935464609337,0.05000000074505806
676,4062000,-188.8858832833257,-222.40537125875827,0.1023032697896706,0.05000000074505806
677,4068000,-236.41556509098154,-222.86117046189474,0.10157158753972423,0.05000000074505806
678,4074000,-130.28867815255626,-214.3027135939306,0.10244217047859759,0.05000000074505806
679,4080000,-269.4877589836615,-216.7840474086484,0.10205770441311567,0.05000000074505806
680,4086000,-192.22923714054923,-210.98455011389882,0.10271119230465653,0.05000000074505806
681,4092000,-219.41880850849122,-211.56531695000822,0.10338581223143653,0.05000000074505806
682,4098000,-195.56480576737522,-212.85831758706155,0.10113458842888941,0.05000000074505806
683,4104000,-141.20243266838952,-206.54651016880553,0.09926082545976775,0.05000000074505806
684,4110000,-233.79269744214503,-215.99687842114417,0.09929115748541274,0.05000000074505806
685,4116000,-196.83509708096608,-200.41209641184412,0.10002909527429923,0.05000000074505806
686,4122000,-187.84560322149264,-200.30806840566083,0.10062528744828887,0.05000000074505806
687,4128000,-136.35733675076335,-190.30224557163902,0.09729508191448015,0.05000000074505806
688,4134000,-123.49479317843634,-189.62285707422703,0.09975513775084012,0.05000000074505806
689,4140000,-153.0054535830568,-177.97462653416656,0.09781570610991912,0.05000000074505806
690,4146000,-336.7507251934021,-192.42677533945184,0.09967327401203026,0.05000000074505806
691,4152000,-168.41262163994907,-187.3261566525976,0.09560097477864474,0.05000000074505806
692,4158000,-199.0219610453787,-187.67187218039797,0.09592948783856506,0.05000000074505806
693,4164000,-215.1470387188383,-195.06633278544285,0.09387322218213619,0.05000000074505806
